Player,Club,Nationality,Position,Age,Matches,Starts,Min,Goals,Assists,Yellow Cards,Red Cards,xG
Aaron Ramsdale,Arsenal ,ENG,GK,24,38,38,3420,0,0,1,0,0
Gabriel Dos Santos,Arsenal ,BRA,DF,24,38,38,3409,3,0,5,0,5.1
Bukayo Saka,Arsenal ,ENG,FW,20,38,37,3181,14,11,6,0,11.2
Martin Odegaard,Arsenal ,NOR,MF,23,37,37,3127,15,7,4,0,10
Ben White,Arsenal ,ENG,DF,24,38,36,3055,2,5,5,0,1.3
Granit Xhaka,Arsenal ,SUI,MF,29,37,36,2993,7,7,4,0,4.7
Martinelli,Arsenal ,BRA,FW,21,36,34,2789,15,5,3,0,9.3
Thomas Partey,Arsenal ,GHA,MF,29,33,28,2483,3,0,5,0,2.2
William Saliba,Arsenal ,FRA,DF,21,27,27,2415,2,1,4,0,0.9
Oleksandr Zinchenko,Arsenal ,UKR,DF,25,27,26,2118,1,2,3,0,1.4
Gabriel Jesus,Arsenal ,BRA,FW,25,26,24,2064,11,6,6,0,14
Leandro Trossard,Arsenal ,BEL,FW,27,20,10,931,8,10,0,0,1.8
Eddie Nketiah,Arsenal ,ENG,FW,23,30,9,1089,4,1,3,0,8.2
Jorginho,Arsenal ,ITA,MF,30,14,9,855,0,1,0,0,0.2
Kieran Tierney,Arsenal ,SCO,DF,25,27,6,795,0,1,0,0,0.3
Takehiro Tomiyasu,Arsenal ,JPN,DF,23,21,6,663,0,1,2,0,0.2
Rob Holding,Arsenal ,ENG,DF,26,14,6,566,1,0,0,0,0.3
Jakub Kiwior,Arsenal ,POL,DF,22,7,5,427,1,0,0,0,0.1
Fabio Vieira,Arsenal ,POR,MF,22,22,3,514,1,2,0,0,0.8
Mohamed Elneny,Arsenal ,EGY,MF,30,5,1,113,0,0,0,0,0
Reiss Nelson,Arsenal ,ENG,FW,22,11,0,212,3,2,0,0,1.1
Emile Smith Rowe,Arsenal ,ENG,MF,22,12,0,172,0,2,0,0,0.3
Ezri Konsa,Aston Villa ,ENG,DF,24,38,37,3322,0,0,6,0,1.1
Emiliano Martinez,Aston Villa ,ARG,GK,29,36,36,3139,0,0,7,0,0
Ollie Watkins,Aston Villa ,ENG,FW,26,37,36,3127,15,6,4,0,16.5
Tyrone Mings,Aston Villa ,ENG,DF,29,35,35,3150,1,2,7,0,1.2
Douglas Luiz,Aston Villa ,BRA,MF,24,37,33,2927,6,6,6,1,2.8
Jacob Ramsey,Aston Villa ,ENG,MF,21,35,31,2636,6,7,5,0,5
John McGinn,Aston Villa ,SCO,MF,27,34,30,2693,1,3,7,0,2.4
Emi Buendia,Aston Villa ,ARG,MF,25,38,27,2412,5,2,0,0,6.3
Leon Bailey,Aston Villa ,JAM,FW,24,33,26,1967,4,4,4,0,5.3
Ashley Young,Aston Villa ,ENG,DF,37,29,23,2036,1,0,7,0,0.5
Boubacar Kamara,Aston Villa ,FRA,MF,22,24,21,1777,0,1,4,0,0.2
Matty Cash,Aston Villa ,POL,DF,24,26,20,1820,0,1,4,0,0.2
Lucas Digne,Aston Villa ,FRA,DF,29,28,18,1502,1,0,5,0,0.4
Ãlex Moreno,Aston Villa ,ESP,DF,29,19,14,1329,0,3,3,0,0.6
Philippe Coutinho,Aston Villa ,BRA,MF,30,20,7,788,1,0,3,0,1.4
Leander Dendoncker,Aston Villa ,BEL,MF,27,20,7,697,0,0,0,0,0.1
Calum Chambers,Aston Villa ,ENG,DF,27,14,2,353,0,0,2,0,0.1
Robin Olsen,Aston Villa ,SWE,GK,32,4,2,281,0,0,0,0,0
Diego Carlos,Aston Villa ,BRA,DF,29,3,2,205,0,0,0,0,0.4
Bertrand Traore,Aston Villa ,BFA,FW,26,8,1,233,2,0,1,0,0.7
Jan Bednarek,Aston Villa ,POL,DF,26,3,1,100,0,0,0,0,0
Jhon Duran,Aston Villa ,COL,FW,18,12,0,136,0,0,1,0,0.6
Morgan Sanson,Aston Villa ,FRA,MF,27,2,0,11,0,0,0,0,0
Jefferson Lerma,Bournemouth ,COL,MF,27,37,37,3252,5,0,7,0,2.6
Adam Smith,Bournemouth ,ENG,DF,31,37,34,2943,0,1,11,0,0.5
Philip Billing,Bournemouth ,DEN,MF,26,36,34,2764,7,1,5,0,4.9
Dominic Solanke,Bournemouth ,ENG,FW,24,33,32,2860,6,7,2,0,9.1
Marcos Senesi,Bournemouth ,ARG,DF,25,31,29,2491,2,0,7,0,1.6
Neto,Bournemouth ,BRA,GK,33,27,27,2385,0,0,4,0,0
Chris Mepham,Bournemouth ,WAL,DF,24,26,24,2199,0,0,7,0,0.7
Lloyd Kelly,Bournemouth ,ENG,DF,23,23,23,2040,0,2,3,0,0.2
Ryan Christie,Bournemouth ,SCO,MF,27,32,22,1834,1,1,2,0,2.8
Marcus Tavernier,Bournemouth ,ENG,MF,23,23,19,1743,5,4,1,0,3.1
Lewis Cook,Bournemouth ,ENG,MF,25,28,18,1720,0,2,4,0,0.2
Jordan Zemura,Bournemouth ,ZIM,DF,22,19,17,1454,0,1,1,0,0.4
Dango Ouattara,Bournemouth ,BFA,MF,20,19,15,1241,1,3,1,0,3.6
Kieffer Moore,Bournemouth ,WAL,FW,29,27,12,1279,4,0,1,0,4.4
Joe Rothwell,Bournemouth ,ENG,MF,27,20,12,1016,0,1,1,0,0.2
Jaidon Anthony,Bournemouth ,ENG,MF,22,30,11,1257,3,1,2,0,2.2
Ryan Fredericks,Bournemouth ,ENG,DF,29,12,5,533,0,0,1,0,0
Matias Vina,Bournemouth ,URU,DF,24,12,5,458,2,0,1,0,0.9
Hamed Junior Traore,Bournemouth ,CIV,FW,22,7,5,427,0,0,0,0,0.9
Jack Stacey,Bournemouth ,ENG,DF,26,10,3,299,0,0,2,0,0.1
Illia Zabarnyi,Bournemouth ,UKR,DF,19,5,3,299,0,0,0,0,0
Ben Pearson,Bournemouth ,ENG,MF,27,7,3,286,0,0,1,0,0
Antoine Semenyo,Bournemouth ,GHA,FW,22,11,2,258,1,0,0,0,0.3
David Brooks,Bournemouth ,WAL,FW,25,6,2,173,0,0,1,0,0.3
Siriki Dembele,Bournemouth ,CIV,FW,25,6,0,110,0,0,0,0,0.2
David Raya,Brentford ,ESP,GK,26,38,38,3420,0,0,1,0,0.1
Ben Mee,Brentford ,ENG,DF,32,37,37,3269,3,1,2,0,3.2
Rico Henry,Brentford ,ENG,DF,25,37,37,3238,0,2,4,0,1.6
Mathias Jensen,Brentford ,DEN,MF,26,37,37,2803,5,6,5,0,2.2
Bryan Mbeumo,Brentford ,CMR,FW,22,38,36,2906,9,8,5,0,9.8
Ivan Toney,Brentford ,ENG,FW,26,33,33,2951,20,4,9,0,18.7
Ethan Pinnock,Brentford ,JAM,DF,29,30,30,2700,3,0,0,0,3
Vitaly Janelt,Brentford ,GER,MF,24,35,24,2208,3,1,3,0,2.4
Aaron Hickey,Brentford ,SCO,DF,20,26,23,1916,0,1,7,0,0.4
Christian Norgaard,Brentford ,DEN,MF,28,22,21,1763,1,3,6,0,1.6
Yoane Wissa,Brentford ,COD,FW,25,38,16,1606,7,3,3,0,5.6
Josh Dasilva,Brentford ,ENG,MF,23,36,14,1389,4,2,1,0,1.5
Mads Roerslev,Brentford ,DEN,DF,23,20,12,1108,0,0,0,0,0.3
Mathias Jorgensen,Brentford ,DEN,DF,32,18,11,1103,0,0,2,0,0.9
Mikkel Damsgaard,Brentford ,DEN,MF,22,26,9,988,0,0,4,0,2.6
Kristoffer Ajer,Brentford ,NOR,DF,24,9,9,763,0,0,0,0,0
Pontus Jansson,Brentford ,SWE,DF,31,12,9,724,1,0,0,0,0.3
Frank Onyeka,Brentford ,NGA,MF,24,21,8,848,0,2,0,0,1
Kevin Schade,Brentford ,GER,FW,20,18,7,732,0,1,2,0,2.1
Shandon Baptiste,Brentford ,GRN,MF,24,23,4,618,0,1,3,1,0.4
Saman Ghoddos,Brentford ,IRN,MF,28,15,0,139,0,0,0,0,0
Sergi Canos,Brentford ,ESP,FW,25,5,0,77,0,0,0,0,0.1
Halil Dervisoglu,Brentford ,TUR,MF,22,1,0,8,0,0,0,0,0
Pascal Gross,Brighton and Hove Albion ,GER,MF,31,37,37,3239,9,8,6,0,5.4
Lewis Dunk,Brighton and Hove Albion ,ENG,DF,30,36,36,3239,1,0,4,0,1.7
Moises Caicedo,Brighton and Hove Albion ,ECU,MF,20,37,34,3139,1,1,10,0,1.7
Alexis Mac Allister,Brighton and Hove Albion ,ARG,MF,23,35,31,2886,10,2,8,0,12.1
Solly March,Brighton and Hove Albion ,ENG,FW,28,33,31,2715,7,7,2,0,8.1
Pervis Estupinan,Brighton and Hove Albion ,ECU,DF,24,35,31,2675,1,5,4,0,1.7
Joel Veltman,Brighton and Hove Albion ,NED,DF,30,31,25,2188,1,1,6,0,1.8
Kaoru Mitoma,Brighton and Hove Albion ,JPN,FW,25,33,24,2318,7,5,0,0,8.1
Adam Webster,Brighton and Hove Albion ,ENG,DF,27,27,23,1985,0,0,2,0,1.8
Danny Welbeck,Brighton and Hove Albion ,ENG,FW,31,31,21,1854,6,3,0,0,9.4
Jason Steele,Brighton and Hove Albion ,ENG,GK,31,15,15,1350,0,1,1,0,0
Levi Colwill,Brighton and Hove Albion ,ENG,DF,19,17,13,1220,0,2,1,0,1.4
Adam Lallana,Brighton and Hove Albion ,ENG,MF,34,16,12,722,2,1,0,0,0.9
Evan Ferguson,Brighton and Hove Albion ,IRL,FW,17,19,10,950,6,2,1,0,5.3
Julio Enciso,Brighton and Hove Albion ,PAR,FW,18,20,7,806,4,2,1,0,4
Billy Gilmour,Brighton and Hove Albion ,SCO,MF,21,14,7,507,0,1,1,0,0.5
Deniz Undav,Brighton and Hove Albion ,GER,FW,26,22,6,628,5,0,2,0,4.5
Facundo Buonanotte,Brighton and Hove Albion ,ARG,FW,17,13,6,565,1,1,2,0,1.4
Tariq Lamptey,Brighton and Hove Albion ,GHA,DF,21,20,3,453,0,0,1,0,0.2
Jan Paul van Hecke,Brighton and Hove Albion ,NED,DF,22,8,3,295,0,0,2,0,0.6
Enock Mwepu,Brighton and Hove Albion ,ZAM,FW,24,6,2,213,0,1,0,0,0.2
Jeremy Sarmiento,Brighton and Hove Albion ,ECU,MF,20,9,1,176,0,1,1,0,0.3
Yasin Ayari,Brighton and Hove Albion ,SWE,MF,18,3,1,67,0,0,0,0,0
Odeluga Offiah,Brighton and Hove Albion ,ENG,DF,19,2,0,25,0,0,0,0,0
Kai Havertz,Chelsea ,GER,FW,23,35,30,2569,7,1,5,0,11.6
Kepa Arrizabalaga,Chelsea ,ESP,GK,27,29,29,2565,0,0,1,0,0
Thiago Silva,Chelsea ,BRA,DF,37,27,26,2352,0,2,2,0,1.5
Raheem Sterling,Chelsea ,ENG,FW,27,28,23,1891,6,3,4,0,6.2
Marc Cucurella,Chelsea ,ESP,DF,24,24,21,1671,0,2,4,0,0.4
Kalidou Koulibaly,Chelsea ,SEN,DF,31,23,20,1800,2,1,7,1,0.9
Mason Mount,Chelsea ,ENG,MF,23,24,20,1648,3,2,4,0,2
Ruben Loftus-Cheek,Chelsea ,ENG,MF,26,25,19,1536,0,1,1,0,0.8
Conor Gallagher,Chelsea ,ENG,MF,22,35,18,1621,3,1,11,1,2.5
Trevoh Chalobah,Chelsea ,ENG,DF,23,25,18,1608,0,0,4,0,0.9
Enzo Fernandez,Chelsea ,ARG,MF,21,18,18,1547,0,2,3,0,0.8
Mateo Kovacic,Chelsea ,CRO,MF,28,27,17,1707,1,2,8,0,1.8
Cesar Azpilicueta,Chelsea ,ESP,DF,32,25,16,1527,0,0,3,0,0.4
Ben Chilwell,Chelsea ,ENG,DF,25,23,15,1408,2,2,3,0,1.4
Reece James,Chelsea ,ENG,DF,22,16,14,1244,1,1,4,0,1
Wesley Fofana,Chelsea ,FRA,DF,21,15,12,1183,1,0,3,0,0.7
Joao Felix,Chelsea ,POR,FW,22,16,11,941,4,0,1,1,4.9
Benoit Badiashile,Chelsea ,FRA,DF,21,11,10,905,1,0,2,0,1.2
Christian Pulisic,Chelsea ,USA,FW,23,24,8,821,1,1,1,0,1.7
Lewis Hall,Chelsea ,ENG,DF,17,9,8,654,0,0,1,0,0.9
Mykhailo Mudryk,Chelsea ,UKR,FW,21,15,7,657,0,2,1,0,1.9
Noni Madueke,Chelsea ,ENG,FW,20,12,7,643,1,0,0,0,0.9
Hakim Ziyech,Chelsea ,MAR,FW,29,18,6,661,0,3,1,0,0.6
N'Golo Kante,Chelsea ,FRA,MF,31,7,6,518,0,1,1,0,0.3
Pierre-Emerick Aubameyang,Chelsea ,GAB,FW,33,15,5,554,1,0,1,0,1.5
Denis Zakaria,Chelsea ,SUI,MF,25,7,5,411,0,0,0,0,0.2
Carney Chukwuemeka,Chelsea ,ENG,MF,18,14,2,354,0,0,0,0,0.4
Armando Broja,Chelsea ,ALB,FW,20,12,2,294,1,0,0,0,0.8
Datro Fofana,Chelsea ,CIV,FW,19,3,1,70,0,0,0,0,0.2
Marc Guehi,Crystal Palace ,ENG,DF,22,37,37,3329,1,0,8,0,1.5
Tyrick Mitchell,Crystal Palace ,ENG,DF,22,36,34,2891,0,2,5,1,0.6
Cheick Doucoure,Crystal Palace ,MLI,MF,22,34,34,2769,0,3,10,1,1.4
Joachim Andersen,Crystal Palace ,DEN,DF,26,32,32,2782,1,0,8,0,1.8
Michael Olise,Crystal Palace ,FRA,FW,20,37,31,2749,2,11,2,0,2.9
Jordan Ayew,Crystal Palace ,GHA,FW,30,38,31,2714,4,3,5,0,3.2
Eberechi Eze,Crystal Palace ,ENG,MF,24,38,30,2636,10,4,3,0,7.3
Jeffrey Schlupp,Crystal Palace ,GHA,MF,29,34,30,2531,3,1,7,0,3.2
Wilfried Zaha,Crystal Palace ,CIV,FW,29,27,27,2288,7,2,5,0,6.5
Joel Ward,Crystal Palace ,ENG,DF,32,28,24,2256,1,0,6,0,1.1
Odsonne Edouard,Crystal Palace ,FRA,FW,24,35,20,1803,5,2,3,0,4.2
Nathaniel Clyne,Crystal Palace ,ENG,DF,31,22,19,1640,0,0,3,0,0
Will Hughes,Crystal Palace ,ENG,MF,27,27,7,842,1,1,4,0,0.3
Jean-Philippe Mateta,Crystal Palace ,FRA,FW,25,29,6,770,2,0,3,0,3.4
Albert Sambi Lokonga,Crystal Palace ,BEL,MF,22,9,6,536,0,0,2,0,0.2
Luka Milivojevic,Crystal Palace ,SRB,MF,31,18,5,512,0,0,2,0,0.3
Chris Richards,Crystal Palace ,USA,DF,22,9,4,447,0,0,0,0,0.7
James Tomkins,Crystal Palace ,ENG,DF,33,6,3,338,1,0,3,1,1
Naouirou Ahamada,Crystal Palace ,FRA,MF,20,8,0,94,0,0,1,0,0.2
Jairo Riedewald,Crystal Palace ,NED,DF,25,6,0,64,0,0,0,0,0.1
James McArthur,Crystal Palace ,SCO,MF,34,4,0,54,0,0,0,0,0
Malcolm Ebiowei,Crystal Palace ,ENG,MF,18,3,0,34,0,0,0,0,0
James Tarkowski,Everton ,ENG,DF,29,38,38,3420,1,1,6,0,3.1
Alex Iwobi,Everton ,NGA,MF,26,38,38,3378,2,7,2,0,2.5
Jordan Pickford,Everton ,ENG,GK,28,37,37,3330,0,1,6,0,0
Idrissa Gana Gueye,Everton ,SEN,MF,32,33,32,2577,0,1,7,0,0.7
Vitaliy Mykolenko,Everton ,UKR,DF,23,34,30,2655,0,0,4,0,0.5
Amadou Onana,Everton ,BEL,MF,20,33,29,2488,1,2,9,0,3
Dwight McNeil,Everton ,ENG,FW,22,36,28,2498,7,3,5,0,3.5
Demarai Gray,Everton ,JAM,FW,26,33,27,2507,4,1,3,0,6.2
Conor Coady,Everton ,ENG,DF,29,24,23,2096,1,1,2,0,0.8
Seamus Coleman,Everton ,IRL,DF,33,23,20,1656,1,0,1,0,0.4
Abdoulaye Doucoure,Everton ,MLI,MF,29,25,17,1533,5,2,6,1,2.4
Dominic Calvert-Lewin,Everton ,ENG,FW,25,17,15,1165,2,1,3,0,5.8
Nathan Patterson,Everton ,SCO,DF,20,19,14,1279,0,0,3,0,0.5
Neal Maupay,Everton ,FRA,FW,25,27,11,1118,1,0,4,0,4.8
Michael Keane,Everton ,ENG,DF,29,12,10,985,1,2,0,0,1.3
Ben Godfrey,Everton ,ENG,DF,24,13,10,802,0,1,2,0,1.2
James Garner,Everton ,ENG,MF,21,16,7,804,0,1,3,0,0.8
Yerry Mina,Everton ,COL,DF,27,7,7,594,2,0,2,0,1.5
Mason Holgate,Everton ,ENG,DF,25,8,5,507,0,0,3,1,1
Tom Davies,Everton ,ENG,MF,24,19,4,538,0,0,3,0,1.2
Isaac Price,Everton ,NIR,MF,18,1,0,33,0,0,1,0,0
Ruben Vinagre,Everton ,POR,DF,23,2,0,26,0,0,0,0,0
Bernd Leno,Fulham ,GER,GK,30,36,36,3240,0,0,3,0,0
Joao Palhinha,Fulham ,POR,MF,27,35,35,3108,3,0,14,0,2.9
Antonee Robinson,Fulham ,USA,DF,24,35,35,3088,0,1,8,0,0.1
Harrison Reed,Fulham ,ENG,MF,27,37,35,2866,3,4,5,0,1.9
Tim Ream,Fulham ,USA,DF,34,33,33,2897,1,0,2,0,0.3
Andreas Pereira,Fulham ,BRA,MF,26,33,33,2692,4,6,8,0,7.3
Kenny Tete,Fulham ,NED,DF,26,31,29,2569,1,5,8,0,0.7
Bobby Reid,Fulham ,JAM,FW,29,36,29,2475,4,1,8,0,3.9
Willian,Fulham ,BRA,FW,33,27,25,2126,5,5,2,0,3.4
Tosin Adarabioyo,Fulham ,ENG,DF,24,25,23,2085,1,0,4,0,0.7
Aleksandar Mitrovic,Fulham ,SRB,FW,27,24,23,2008,14,1,7,0,14.9
Issa Diop,Fulham ,FRA,DF,25,25,21,2012,1,0,2,0,0.3
Harry Wilson,Fulham ,WAL,FW,25,29,13,1100,2,3,1,0,2
Carlos Vinicius,Fulham ,BRA,FW,27,28,11,1109,5,2,3,0,3.3
Neeskens Kebano,Fulham ,COD,FW,30,17,9,764,0,3,0,0,0.5
Tom Cairney,Fulham ,SCO,MF,31,33,6,988,2,0,2,0,1.5
Daniel James,Fulham ,WAL,FW,24,20,5,621,2,1,0,0,1.7
Manor Solomon,Fulham ,ISR,FW,23,19,4,572,4,0,0,0,1.2
Sasa Lukic,Fulham ,SRB,MF,25,12,4,412,0,0,1,0,0.1
Cedric Soares,Fulham ,POR,DF,30,6,2,198,0,0,0,0,0.1
Layvin Kurzawa,Fulham ,FRA,DF,29,3,2,135,0,0,1,0,0
Jay Stansfield,Fulham ,ENG,FW,19,3,1,87,0,0,0,0,0.3
Nathaniel Chalobah,Fulham ,ENG,MF,27,4,1,12,0,0,0,1,0.1
Robin Koch,Leeds United ,GER,DF,26,36,36,3175,0,0,7,0,1.5
Illan Meslier,Leeds United ,FRA,GK,22,34,34,3060,0,0,3,0,0.1
Jack Harrison,Leeds United ,ENG,FW,25,36,34,2708,5,7,2,0,4.7
Brenden Aaronson,Leeds United ,USA,MF,21,36,28,2372,1,3,2,0,3.9
Pascal Struijk,Leeds United ,NED,DF,22,29,26,2200,2,1,5,0,1.4
Tyler Adams,Leeds United ,USA,MF,23,24,24,2156,0,0,6,1,0.1
Rodrigo,Leeds United ,ESP,FW,31,31,23,1935,13,1,6,0,8.1
Luke Ayling,Leeds United ,ENG,DF,30,29,22,2054,2,1,3,0,3.2
Rasmus Nissen,Leeds United ,DEN,DF,25,26,21,1960,3,1,4,0,0.8
Patrick Bamford,Leeds United ,ENG,FW,28,28,18,1515,4,2,3,0,8.6
Weston McKennie,Leeds United ,USA,MF,23,19,16,1437,0,1,7,0,0.8
Liam Cooper,Leeds United ,SCO,DF,30,18,16,1426,1,0,5,0,1
Junior Firpo,Leeds United ,ESP,DF,25,19,14,1368,1,1,6,1,0.1
Degnand Gnonto,Leeds United ,ITA,FW,18,24,14,1354,2,4,7,0,1.8
Maximilian Wober,Leeds United ,AUT,DF,24,16,14,1266,0,0,3,0,0.7
Luis Sinisterra,Leeds United ,COL,FW,23,19,13,867,5,0,3,1,3.7
Crysencio Summerville,Leeds United ,NED,FW,20,28,12,1426,4,2,4,0,2.9
Diego Llorente,Leeds United ,ESP,DF,28,8,7,649,0,0,1,0,0.7
Adam Forshaw,Leeds United ,ENG,MF,30,12,5,479,0,0,0,0,0
Joel Robles,Leeds United ,ESP,GK,32,4,4,360,0,0,1,0,0
Sam Greenwood,Leeds United ,ENG,MF,20,18,3,424,1,2,1,0,0.7
Georginio Rutter,Leeds United ,FRA,FW,20,11,1,273,0,1,0,0,0.4
Joe Gelhardt,Leeds United ,ENG,FW,20,15,1,212,0,2,1,0,0.8
Cody Drameh,Leeds United ,ENG,DF,20,1,1,69,0,0,0,0,0
Mateusz Klich,Leeds United ,POL,MF,32,14,0,280,0,0,2,0,0.2
Timothy Castagne,Leicester City ,BEL,DF,26,37,36,3254,2,3,3,0,2.2
Harvey Barnes,Leicester City ,ENG,FW,24,34,32,2711,13,1,3,0,8.9
Wout Faes,Leicester City ,BEL,DF,24,31,31,2786,1,2,6,1,1.2
James Maddison,Leicester City ,ENG,MF,25,30,28,2480,10,9,10,0,8.7
Kiernan Dewsbury-Hall,Leicester City ,ENG,MF,23,31,28,2306,2,2,5,1,2.4
Youri Tielemans,Leicester City ,BEL,MF,25,31,27,2344,3,2,4,0,2.5
Danny Ward,Leicester City ,WAL,GK,29,26,26,2340,0,0,0,0,0
Boubakary Soumare,Leicester City ,FRA,MF,23,26,20,1629,0,0,9,0,0
Jamie Vardy,Leicester City ,ENG,FW,35,37,19,1857,3,4,1,0,6.7
Wilfred Ndidi,Leicester City ,NGA,MF,25,27,19,1679,0,0,4,0,0.2
Daniel Amartey,Leicester City ,GHA,DF,27,20,18,1610,0,0,1,0,1.1
James Justin,Leicester City ,ENG,DF,24,14,14,1252,0,0,0,0,0.3
Patson Daka,Leicester City ,ZAM,FW,23,30,13,1187,4,4,2,0,3.5
Jonny Evans,Leicester City ,NIR,DF,34,13,12,1051,0,0,1,0,0.2
Kelechi Iheanacho,Leicester City ,NGA,FW,25,28,11,1127,5,5,0,0,7.1
Luke Thomas,Leicester City ,ENG,DF,21,17,11,1073,0,0,3,0,0.1
Harry Souttar,Leicester City ,AUS,DF,23,12,11,992,0,1,2,0,1.4
Victor Bernth Kristiansen,Leicester City ,DEN,DF,19,12,11,892,0,1,2,0,0.1
Tete,Leicester City ,BRA,FW,22,13,9,734,1,0,0,0,1.8
Nampalys Mendy,Leicester City ,SEN,MF,30,19,7,757,1,0,1,0,0.1
Dennis Praet,Leicester City ,BEL,MF,28,22,6,649,1,0,1,0,1
Caglar Soyuncu,Leicester City ,TUR,DF,26,7,6,529,1,0,2,0,0.4
Ricardo Pereira,Leicester City ,POR,DF,28,10,5,454,1,1,2,0,0.1
Ayoze Perez,Leicester City ,ESP,MF,29,8,3,382,0,1,0,0,1.1
Marc Albrighton,Leicester City ,ENG,FW,32,6,1,237,1,0,0,0,0.3
Alisson,Liverpool ,BRA,GK,29,37,37,3330,0,1,1,0,0
Mohamed Salah,Liverpool ,EGY,FW,30,38,37,3290,19,12,2,0,21.7
Trent Alexander-Arnold,Liverpool ,ENG,DF,23,37,34,2923,2,9,5,0,2.4
Virgil van Dijk,Liverpool ,NED,DF,31,32,32,2835,3,1,3,0,2.6
Fabinho,Liverpool ,BRA,MF,28,36,31,2671,0,2,11,0,0.7
Andrew Robertson,Liverpool ,SCO,DF,28,34,29,2583,0,8,3,0,1.3
Jordan Henderson,Liverpool ,ENG,MF,32,35,23,2074,0,2,2,0,1.4
Darwin Nunez,Liverpool ,URU,FW,23,29,19,1695,9,3,1,1,12.1
Harvey Elliott,Liverpool ,ENG,MF,19,32,18,1613,1,2,2,0,2.1
Ibrahima Konate,Liverpool ,FRA,DF,23,18,17,1552,0,0,5,0,1.2
Cody Gakpo,Liverpool ,NED,FW,23,21,17,1458,7,2,0,0,6.2
Joe Gomez,Liverpool ,ENG,DF,25,21,15,1466,0,0,3,0,0.2
Thiago Alcantara,Liverpool ,ESP,MF,31,18,14,1254,0,0,2,0,0.4
Roberto Firmino,Liverpool ,BRA,FW,30,25,13,1213,11,4,0,0,5.5
Diogo Jota,Liverpool ,POR,FW,25,22,12,1131,7,4,2,0,6.5
Joel Matip,Liverpool ,CMR,DF,30,14,12,1092,1,0,3,0,0.7
Curtis Jones,Liverpool ,ENG,MF,21,18,12,1035,3,1,2,0,1.2
Luis Diaz,Liverpool ,COL,FW,25,17,11,996,4,2,2,0,2.5
Kostas Tsimikas,Liverpool ,GRE,DF,26,20,9,771,0,4,3,0,0.6
James Milner,Liverpool ,ENG,MF,36,31,7,913,0,1,2,0,0.4
Stefan Bajcetic,Liverpool ,ESP,MF,17,11,6,526,1,0,2,0,0.8
Fabio Carvalho,Liverpool ,POR,MF,19,13,4,347,2,0,0,0,1.1
Alex Oxlade-Chamberlain,Liverpool ,ENG,FW,28,9,4,335,1,0,0,0,1.3
Naby Keita,Liverpool ,GUI,MF,27,8,3,293,0,0,1,0,0.6
Nathaniel Phillips,Liverpool ,ENG,DF,25,2,1,66,0,0,0,0,0
Ben Doak,Liverpool ,SCO,FW,16,2,0,26,0,0,0,0,0
Ederson,Manchester City ,BRA,GK,28,35,35,3150,0,1,3,0,0
Rodri,Manchester City ,ESP,MF,26,36,34,2911,2,6,5,0,4.6
Erling Haaland,Manchester City ,NOR,FW,22,35,33,2769,36,8,5,0,28.4
Kevin De Bruyne,Manchester City ,BEL,MF,31,32,28,2417,7,16,1,0,5.6
Ilkay Gundogan,Manchester City ,GER,MF,31,31,27,2353,8,4,0,0,7.5
Manuel Akanji,Manchester City ,SUI,DF,27,29,24,2287,0,1,2,0,1.3
Bernardo Silva,Manchester City ,POR,MF,27,34,24,2205,4,5,5,0,2.2
Jack Grealish,Manchester City ,ENG,FW,26,28,23,2055,5,7,4,0,4.6
Ruben Dias,Manchester City ,POR,DF,25,26,22,1998,0,0,3,0,1.3
Kyle Walker,Manchester City ,ENG,DF,32,27,22,1958,0,0,3,0,0.4
Riyad Mahrez,Manchester City ,ALG,FW,31,30,22,1920,5,10,2,0,5.5
Nathan Ake,Manchester City ,NED,DF,27,26,22,1873,1,0,2,0,1.6
Phil Foden,Manchester City ,ENG,FW,22,32,22,1842,11,6,1,0,5.9
John Stones,Manchester City ,ENG,DF,28,23,21,1846,2,2,2,0,1
Joao Cancelo,Manchester City ,POR,DF,28,17,16,1274,2,1,3,1,0.8
Julian Ãlvarez,Manchester City ,ARG,FW,22,31,13,1465,9,0,0,0,7
Aymeric Laporte,Manchester City ,ESP,DF,28,12,11,993,0,0,0,0,0.5
Rico Lewis,Manchester City ,ENG,DF,17,14,10,903,0,0,1,0,0.2
Cole Palmer,Manchester City ,ENG,MF,20,14,2,370,0,1,1,0,1.2
Sergio Gomez,Manchester City ,ESP,DF,21,12,2,349,0,1,0,0,0.4
Kalvin Phillips,Manchester City ,ENG,MF,26,12,2,300,0,0,1,0,0.3
Shea Charles,Manchester City ,NIR,DF,18,1,0,28,0,0,0,0,0
David de Gea,Manchester United ,ESP,GK,31,38,38,3420,0,0,0,0,0
Bruno Fernandes,Manchester United ,POR,MF,27,37,37,3316,8,8,6,0,9.3
Marcus Rashford,Manchester United ,ENG,FW,24,35,32,2879,17,5,2,0,15.4
Luke Shaw,Manchester United ,ENG,DF,27,31,30,2552,1,2,8,0,1.1
Christian Eriksen,Manchester United ,DEN,MF,30,28,25,2048,1,8,3,0,5
Diogo Dalot,Manchester United ,POR,DF,23,26,24,2154,1,2,6,0,2.5
Casemiro,Manchester United ,BRA,MF,30,28,24,2124,4,3,7,2,3.4
Lisandro Martinez,Manchester United ,ARG,DF,24,27,24,2114,1,0,6,0,0.5
Antony,Manchester United ,BRA,FW,22,25,23,1802,4,2,5,0,6.6
Raphael Varane,Manchester United ,FRA,DF,29,24,22,1911,0,0,1,0,0.7
Jadon Sancho,Manchester United ,ENG,FW,22,26,21,1686,6,3,0,0,4.2
Aaron Wan-Bissaka,Manchester United ,ENG,DF,24,19,16,1435,0,0,2,0,1.2
Tyrell Malacia,Manchester United ,NED,DF,22,22,14,1396,0,0,6,0,0.2
Victor Lindeloff,Manchester United ,SWE,DF,28,20,14,1365,0,0,1,0,0.3
Fred,Manchester United ,BRA,MF,29,35,12,1249,2,2,6,0,2
Anthony Martial,Manchester United ,FRA,FW,26,21,11,978,6,2,0,0,6.2
Scott McTominay,Manchester United ,SCO,MF,25,24,10,1160,1,0,8,0,1.9
Harry Maguire,Manchester United ,ENG,DF,29,16,8,767,0,0,4,0,0.3
Alejandro Garnacho,Manchester United ,ARG,FW,18,19,5,569,3,2,3,0,3
Anthony Elanga,Manchester United ,SWE,FW,20,16,5,426,0,1,0,0,0.7
Cristiano Ronaldo,Manchester United ,POR,FW,37,10,4,525,1,0,2,0,1.9
Donny van de Beek,Manchester United ,NED,MF,25,7,2,167,0,0,0,0,0.1
Kieran Trippier,Newcastle United ,ENG,DF,31,38,38,3341,1,7,5,0,0.9
Nick Pope,Newcastle United ,ENG,GK,30,37,37,3261,0,0,3,1,0
Fabian Schar,Newcastle United ,SUI,DF,30,36,36,3206,1,3,7,0,4.9
Sven Botman,Newcastle United ,NED,DF,22,36,35,3127,0,0,2,0,2.5
Dan Burn,Newcastle United ,ENG,DF,30,38,35,3111,1,0,5,0,2.1
Bruno Guimaraes,Newcastle United ,BRA,MF,24,32,32,2726,4,5,7,0,2.8
Joe Willock,Newcastle United ,ENG,MF,22,35,31,2558,3,6,1,0,7
Joelinton,Newcastle United ,BRA,MF,25,32,30,2661,6,1,12,0,7.1
Miguel Almiron,Newcastle United ,PAR,FW,28,34,29,2491,11,2,2,0,8
Sean Longstaff,Newcastle United ,ENG,MF,24,33,28,2518,1,4,2,0,3.6
Callum Wilson,Newcastle United ,ENG,FW,30,31,21,1877,18,5,4,0,17.5
Alexander Isak,Newcastle United ,SWE,FW,22,22,17,1522,10,1,3,0,8.2
Jacob Murphy,Newcastle United ,ENG,FW,27,36,14,1251,4,2,0,0,3.3
Allan Saint-Maximin,Newcastle United ,FRA,FW,25,25,12,1120,1,5,1,0,1.6
Matt Targett,Newcastle United ,ENG,DF,26,17,6,610,0,0,1,0,0
Anthony Gordon,Newcastle United ,ENG,FW,21,16,4,487,1,0,1,0,1.7
Chris Wood,Newcastle United ,NZL,FW,30,18,4,446,2,0,0,0,1.8
Elliot Anderson,Newcastle United ,SCO,MF,19,22,3,410,0,1,0,0,1
Ryan Fraser,Newcastle United ,SCO,FW,28,8,3,313,0,0,1,0,0.3
Jamaal Lascelles,Newcastle United ,ENG,DF,28,7,2,218,0,0,4,0,0.1
Martin Dubravka,Newcastle United ,SVK,GK,33,2,1,157,0,0,0,0,0
Matt Ritchie,Newcastle United ,SCO,FW,32,7,0,39,0,0,0,0,0
Javier Manquillo,Newcastle United ,ESP,DF,28,4,0,37,0,0,0,0,0
Morgan Gibbs-White,Nottingham Forest ,ENG,MF,22,35,34,2971,5,8,5,0,6
Brennan Johnson,Nottingham Forest ,WAL,FW,21,38,33,2934,8,3,6,0,8.6
Renan Lodi,Nottingham Forest ,BRA,DF,24,28,26,2214,0,1,7,0,1
Remo Freuler,Nottingham Forest ,SUI,MF,30,28,24,2161,0,0,4,0,0.4
Serge Aurier,Nottingham Forest ,CIV,DF,29,24,22,1943,1,0,2,0,0.8
Joe Worrall,Nottingham Forest ,ENG,DF,25,30,21,2224,1,0,6,0,0.8
Ryan Yates,Nottingham Forest ,ENG,MF,24,26,21,1837,0,2,5,0,2.3
Neco Williams,Nottingham Forest ,WAL,DF,21,31,20,1882,1,0,7,0,1.3
Orel Mangala,Nottingham Forest ,BEL,MF,24,27,20,1550,1,1,3,0,0.6
Scott McKenna,Nottingham Forest ,SCO,DF,25,20,19,1571,0,0,4,0,0.1
Felipe,Nottingham Forest ,BRA,DF,33,16,15,1418,0,1,4,0,1.2
Moussa Niakhate,Nottingham Forest ,SEN,DF,26,14,14,1163,0,0,1,0,0.6
Danilo,Nottingham Forest ,BRA,MF,21,13,12,976,3,2,1,0,1.5
Jesse Lingard,Nottingham Forest ,ENG,FW,29,17,12,923,0,0,1,0,1
Steve Cook,Nottingham Forest ,ENG,DF,31,12,11,957,0,0,4,0,0.1
Cheikhou Kouyate,Nottingham Forest ,SEN,MF,32,21,10,882,1,0,3,0,0.4
Harry Toffolo,Nottingham Forest ,ENG,DF,26,19,9,940,0,0,2,0,0.3
Willy Boly,Nottingham Forest ,CIV,DF,31,11,9,685,0,1,2,0,0
Emmanuel Dennis,Nottingham Forest ,NGA,FW,24,19,6,720,2,2,3,0,1.9
Lewis O'Brien,Nottingham Forest ,ENG,MF,23,13,6,584,1,0,2,0,0.3
Jonjo Shelvey,Nottingham Forest ,ENG,MF,30,8,6,540,0,0,2,0,0.2
Jack Colback,Nottingham Forest ,ENG,MF,32,11,4,497,0,0,0,0,0
Wayne Hennessey,Nottingham Forest ,WAL,GK,35,4,3,271,0,0,0,0,0
Gustavo Scarpa,Nottingham Forest ,BRA,MF,28,6,2,181,0,0,1,0,0.3
Sam Surridge,Nottingham Forest ,ENG,FW,24,20,1,323,1,0,2,0,1.8
Andre Ayew,Nottingham Forest ,GHA,FW,32,13,1,316,0,0,1,0,1
Giulian Biancone,Nottingham Forest ,FRA,DF,22,2,0,17,0,0,0,0,0
Alexander Mighten,Nottingham Forest ,ENG,FW,20,1,0,8,0,0,0,0,0
James Ward-Prowse,Southampton ,ENG,MF,27,38,38,3371,9,4,6,0,5.7
Gavin Bazunu,Southampton ,IRL,GK,20,32,32,2880,0,0,0,0,0
Kyle Walker-Peters,Southampton ,ENG,DF,25,31,30,2650,1,0,4,0,1
Mohamed Elyounoussi,Southampton ,NOR,MF,27,33,27,2168,1,1,4,0,3.5
Romeo Lavia,Southampton ,BEL,MF,18,29,26,2221,1,0,9,0,0.4
Armel Bella Kotchap,Southampton ,GER,DF,20,24,24,1879,0,2,4,0,1
Che Adams,Southampton ,SCO,FW,26,28,23,1992,5,3,1,0,6.6
Romain Perraud,Southampton ,FRA,DF,24,29,22,1835,2,2,4,0,1.3
Mohammed Salisu,Southampton ,GHA,DF,23,22,21,1973,0,1,5,0,1.5
Stuart Armstrong,Southampton ,SCO,MF,30,32,14,1408,2,1,6,0,2.4
Adam Armstrong,Southampton ,ENG,FW,25,30,14,1335,2,1,2,0,2.1
Ainsley Maitland-Niles,Southampton ,ENG,DF,24,22,13,1407,0,0,3,0,0
Joe Aribo,Southampton ,NGA,MF,26,21,13,1224,2,0,2,0,1.5
Theo Walcott,Southampton ,ENG,FW,33,20,13,1129,2,2,1,0,2.2
Carlos Alcaraz,Southampton ,ARG,MF,19,18,13,1029,4,2,3,0,1.9
Lyanco,Southampton ,BRA,DF,25,21,11,1180,1,1,4,0,0.6
Ibrahima Diallo,Southampton ,FRA,MF,23,18,11,819,0,0,4,0,0.2
Kamaldeen Sulemana,Southampton ,GHA,FW,20,18,10,966,2,1,1,0,1.7
Duje Caleta-Car,Southampton ,CRO,DF,25,13,9,946,1,0,2,0,0.8
Moussa Djenepo,Southampton ,MLI,DF,24,16,7,710,0,2,1,0,0.2
Alex McCarthy,Southampton ,ENG,GK,32,6,6,540,0,0,0,0,0
Samuel Edozie,Southampton ,ENG,FW,19,17,5,567,0,0,0,0,0.9
Sekou Mara,Southampton ,FRA,FW,20,22,4,555,1,2,1,0,1
Paul Onuachu,Southampton ,NGA,FW,28,11,4,407,0,0,0,0,1.3
James Bree,Southampton ,ENG,DF,24,5,4,367,0,0,1,0,0
Juan Larios,Southampton ,ESP,DF,18,5,2,152,0,0,0,0,0
Jack Stephens,Southampton ,ENG,DF,28,2,0,46,0,0,0,0,0
Samuel Amo-Ameyaw,Southampton ,ENG,MF,16,1,0,4,0,0,0,0,0
Harry Kane,Tottenham Hotspur ,ENG,FW,29,38,38,3405,30,3,6,0,21.5
Pierre Hojbjerg,Tottenham Hotspur ,DEN,MF,26,35,35,3131,4,5,5,0,2
Son Heung-min,Tottenham Hotspur ,KOR,MF,30,36,33,2888,10,6,2,0,10.1
Eric Dier,Tottenham Hotspur ,ENG,DF,28,33,31,2818,2,1,3,0,1.6
Cristian Romero,Tottenham Hotspur ,ARG,DF,24,27,26,2364,0,1,11,1,1.5
Ben Davies,Tottenham Hotspur ,WAL,DF,29,31,26,2288,2,2,4,0,1
Hugo Lloris,Tottenham Hotspur ,FRA,GK,35,25,25,2205,0,0,0,0,0
Clement Lenglet,Tottenham Hotspur ,FRA,DF,27,26,24,2019,0,2,4,0,1
Ivan Perisic,Tottenham Hotspur ,CRO,DF,33,34,23,2108,1,8,6,0,2.6
Dejan Kulusevski,Tottenham Hotspur ,SWE,MF,22,30,23,2067,2,7,2,0,2.6
Emerson,Tottenham Hotspur ,BRA,DF,23,26,20,1735,2,1,2,1,1.7
Oliver Skipp,Tottenham Hotspur ,ENG,MF,21,23,18,1491,1,0,7,0,0.3
Rodrigo Bentancur,Tottenham Hotspur ,URU,MF,25,18,17,1500,5,2,8,0,2.2
Pedro Porro,Tottenham Hotspur ,ESP,DF,22,15,13,1131,3,3,0,0,1.8
Richarlison,Tottenham Hotspur ,BRA,MF,25,27,12,1010,1,3,3,0,3.3
Yves Bissouma,Tottenham Hotspur ,MLI,MF,25,23,10,1010,0,0,6,0,0.2
Ryan Sessegnon,Tottenham Hotspur ,ENG,DF,22,17,9,813,2,0,4,0,1.6
Davinson Sanchez,Tottenham Hotspur ,COL,DF,26,18,8,858,0,0,1,0,0.6
Matt Doherty,Tottenham Hotspur ,IRL,DF,30,12,7,667,1,0,0,0,0.8
Pape Matar Sarr,Tottenham Hotspur ,SEN,MF,19,11,2,218,0,1,1,0,0.1
Bryan Gil,Tottenham Hotspur ,ESP,MF,21,4,2,148,0,1,1,0,0.1
Japhet Tanganga,Tottenham Hotspur ,ENG,DF,23,4,2,146,0,0,0,0,0
Lucas Moura,Tottenham Hotspur ,BRA,MF,29,15,0,153,1,0,0,1,0.5
Harvey White,Tottenham Hotspur ,ENG,MF,20,1,0,5,0,0,0,0,0
Declan Rice,West Ham United ,ENG,MF,23,37,36,3273,4,1,5,0,2.4
Jarrod Bowen,West Ham United ,ENG,FW,25,38,36,3233,6,5,2,0,8.9
Lukasz Fabianski,West Ham United ,POL,GK,37,36,36,3111,0,0,1,0,0
Tomas Soucek,West Ham United ,CZE,MF,27,36,32,2815,2,3,3,0,4
Lucas Paqueta,West Ham United ,BRA,MF,24,28,27,2151,4,3,5,0,4.4
Thilo Kehrer,West Ham United ,GER,DF,25,27,25,2230,0,2,4,0,0.5
Aaron Cresswell,West Ham United ,ENG,DF,32,28,24,2235,0,1,3,0,0.3
Vladimir Coufal,West Ham United ,CZE,DF,29,27,24,2136,0,1,5,0,0.3
Kurt Zouma,West Ham United ,FRA,DF,27,25,24,1989,2,0,0,0,2.2
Said Benrahma,West Ham United ,ALG,FW,26,35,22,2069,6,3,0,0,7
Michail Antonio,West Ham United ,JAM,FW,32,33,21,1829,5,3,2,0,6.6
Nayef Aguerd,West Ham United ,MAR,DF,26,18,17,1595,2,0,4,0,2.2
Pablo Fornals,West Ham United ,ESP,FW,26,32,17,1503,3,1,0,0,2.2
Emerson Palmieri,West Ham United ,ITA,DF,27,22,16,1320,1,0,2,0,0.8
Angelo Ogbonna,West Ham United ,ITA,DF,34,16,13,1237,0,0,0,0,0.3
Gianluca Scamacca,West Ham United ,ITA,FW,23,16,11,926,3,0,3,0,2.5
Ben Johnson,West Ham United ,ENG,DF,22,17,9,866,0,0,0,0,0.1
Danny Ings,West Ham United ,ENG,FW,30,17,7,1599,2,2,4,0,3
Flynn Downes,West Ham United ,ENG,MF,23,21,7,762,0,0,2,0,0.4
Manuel Lanzini,West Ham United ,ARG,MF,29,10,2,252,1,0,0,0,0.5
Maxwel Cornet,West Ham United ,CIV,FW,25,14,2,245,0,0,0,0,1.3
Max Kilman,Wolverhampton Wanderers ,ENG,DF,25,37,37,3307,0,0,3,0,1.3
Jose Sa,Wolverhampton Wanderers ,POR,GK,29,36,36,3240,0,0,2,0,0
Ruben Neves,Wolverhampton Wanderers ,POR,MF,25,35,33,3019,6,1,12,0,5.2
Nelson Semedo,Wolverhampton Wanderers ,POR,DF,28,36,31,2632,0,1,11,1,0.4
Matheus Nunes,Wolverhampton Wanderers ,POR,MF,23,34,30,2467,1,1,2,1,2.4
Joao Moutinho,Wolverhampton Wanderers ,POR,MF,35,31,20,1780,0,2,3,0,1.3
Daniel Podence,Wolverhampton Wanderers ,POR,FW,26,32,20,1771,6,0,5,0,3.9
Nathan Collins,Wolverhampton Wanderers ,IRL,DF,21,26,19,1814,0,0,2,1,0.2
Craig Dawson,Wolverhampton Wanderers ,ENG,DF,32,17,17,1414,1,0,4,0,1
Mario Lemina,Wolverhampton Wanderers ,GAB,MF,28,19,17,1299,0,1,4,1,0.3
Hugo Bueno,Wolverhampton Wanderers ,ESP,DF,19,21,16,1310,0,1,1,0,0.2
Diego Costa,Wolverhampton Wanderers ,ESP,FW,33,23,16,1241,1,0,5,1,3.2
Jonny Castro,Wolverhampton Wanderers ,ESP,DF,28,18,14,1261,1,0,3,1,0.3
Pedro Neto,Wolverhampton Wanderers ,POR,FW,22,18,13,964,0,0,1,0,1.1
Adama Traore,Wolverhampton Wanderers ,ESP,FW,26,34,12,1496,2,1,2,0,1.4
Hwang Hee-chan,Wolverhampton Wanderers ,KOR,FW,26,27,12,1130,3,1,1,0,2.9
Matheus Cunha,Wolverhampton Wanderers ,BRA,FW,23,17,12,965,2,0,1,0,2
Toti Gomes,Wolverhampton Wanderers ,POR,DF,23,17,10,984,1,0,6,0,0.4
Rayan Ait Nouri,Wolverhampton Wanderers ,ALG,DF,21,21,9,1076,1,0,4,0,0.7
Pablo Sarabia,Wolverhampton Wanderers ,ESP,FW,30,13,9,765,1,0,3,0,3.1
Raul Jimenez,Wolverhampton Wanderers ,MEX,FW,31,15,8,846,0,1,0,0,2.6
Goncalo Guedes,Wolverhampton Wanderers ,POR,FW,25,13,8,707,1,1,1,0,1.2
Joao Gomes,Wolverhampton Wanderers ,BRA,MF,21,11,7,653,1,0,5,0,0.3
Boubacar Traore,Wolverhampton Wanderers ,MLI,MF,20,10,4,411,0,1,2,0,0.1
Daniel Bentley,Wolverhampton Wanderers ,ENG,GK,29,2,2,180,0,0,0,0,0
Joseph Hodge,Wolverhampton Wanderers ,IRL,MF,19,6,1,175,0,0,1,0,0.3
Chem Campbell,Wolverhampton Wanderers ,WAL,FW,19,5,0,74,0,0,0,0,0.1
Manuel Neuer,Bayern Munich,GER,GK,34,33,33,2970,0,0,1,0,0
Thomas Muller,Bayern Munich,GER,MF,30,32,31,2674,11,19,0,0,0.24
David Alaba,Bayern Munich,AUT,DF,28,32,30,2675,2,4,4,0,0.04
Jerome Boateng,Bayern Munich,GER,DF,31,29,29,2368,1,1,6,0,0.01
Robert Lewandowski,Bayern Munich,POL,FW,31,29,28,2458,41,7,4,0,1.16
Joshua Kimmich,Bayern Munich,GER,MF,25,27,25,2194,4,10,4,0,0.1
Kingsley Coman,Bayern Munich,FRA,FW,24,29,23,1752,5,10,1,0,0.21
Benjamin Pavard,Bayern Munich,FRA,DF,24,24,22,1943,0,0,3,0,0.02
Alphonso Davies,Bayern Munich,CAN,DF,19,23,22,1763,1,2,2,1,0.01
Serge Gnabry,Bayern Munich,GER,FW,25,27,20,1644,10,2,4,0,0.44
Leroy Sane,Bayern Munich,GER,FW,24,32,18,1805,6,9,2,0,0.28
Leon Goretzka,Bayern Munich,GER,MF,25,24,18,1705,5,5,2,0,0.21
Lucas Hernandez,Bayern Munich,FRA,DF,24,23,18,1597,0,2,4,0,0.05
Niklas Sule,Bayern Munich,GER,DF,24,20,16,1505,1,0,1,0,0.07
Eric Maxim Choupo-Moting,Bayern Munich,CMR,FW,31,22,8,820,3,0,2,0,0.35
Jamal Musiala,Bayern Munich,GER,FW,17,26,7,881,6,1,0,0,0.31
Corentin Tolisso,Bayern Munich,FRA,MF,25,16,7,781,1,0,1,1,0.26
Bouna Sarr,Bayern Munich,GUI,DF,28,8,5,452,0,1,1,0,0.02
Javi Martinez,Bayern Munich,ESP,DF,31,19,4,466,0,0,0,0,0.06
Douglas Costa,Bayern Munich,BRA,FW,29,11,3,320,1,1,0,0,0.04
Marc Roca,Bayern Munich,ESP,MF,23,6,2,177,0,0,1,0,0.13
Joshua Zirkzee,Bayern Munich,NED,FW,19,3,1,92,0,0,0,0,0.35
Alexander Nubel,Bayern Munich,GER,GK,23,1,1,90,0,0,0,0,0
Josip Stanisic,Bayern Munich,GER,DF,20,1,1,90,0,0,0,0,0.16
Tiago Dantas,Bayern Munich,POR,MF,19,2,1,69,0,0,0,0,0
Nianzou Kouassi,Bayern Munich,FRA,DF,18,6,0,118,0,0,1,1,0
Christopher Scott,Bayern Munich,GER,FW,18,2,0,34,0,0,0,0,0.09
Michael Cuisance,Bayern Munich,FRA,FW,20,1,0,18,0,0,0,0,0
Peter Gulacsi,RB Leipzig,HUN,GK,30,33,33,2970,0,0,0,0,0
Dayot Upamecano,RB Leipzig,FRA,DF,21,29,27,2330,1,0,6,0,0.04
Dani Olmo,RB Leipzig,ESP,MF,22,32,26,2194,5,9,1,0,0.31
Willi Orban,RB Leipzig,HUN,DF,27,29,25,2363,4,1,4,0,0.13
Angelino,RB Leipzig,ESP,DF,23,26,24,2161,4,4,2,0,0.16
Marcel Sabitzer,RB Leipzig,AUT,MF,26,27,24,2026,8,3,8,0,0.32
Kevin Kampl,RB Leipzig,SVN,MF,29,27,24,1932,0,1,6,0,0.05
Amadou Haidara,RB Leipzig,MLI,MF,22,31,21,1905,3,1,4,0,0.21
Nordi Mukiele,RB Leipzig,FRA,DF,22,28,21,1677,3,1,5,0,0.12
Emil Forsberg,RB Leipzig,SWE,FW,28,29,20,1539,7,4,0,0,0.34
Christopher Nkunku,RB Leipzig,FRA,FW,22,28,19,1892,6,6,2,0,0.37
Marcel Halstenberg,RB Leipzig,GER,DF,28,24,19,1651,2,2,2,0,0.1
Lukas Klostermann,RB Leipzig,GER,DF,24,23,15,1446,1,0,2,0,0.05
Yussuf Poulsen,RB Leipzig,DEN,FW,26,27,14,1354,5,4,1,0,0.33
Alexander Sorloth,RB Leipzig,NOR,FW,24,29,13,1443,5,3,2,0,0.4
Justin Kluivert,RB Leipzig,NED,FW,21,19,8,813,3,1,2,0,0.4
Benjamin Henrichs,RB Leipzig,GER,DF,23,13,5,540,0,1,3,0,0.04
Lazar Samardzic,RB Leipzig,GER,MF,18,7,2,200,0,1,0,0,0.01
Josep Martinez,RB Leipzig,ESP,GK,22,1,1,90,0,0,0,0,0
Konrad Laimer,RB Leipzig,AUT,DF,23,3,1,84,0,0,0,0,0.41
Joscha Wosz,RB Leipzig,GER,DF,18,2,0,34,0,0,0,0,0
Dennis Borkowski,RB Leipzig,GER,MF,18,2,0,11,0,0,0,0,0
Mats Hummels,Borussia Dortmund,GER,DF,31,33,32,2813,5,0,6,0,0.11
Marco Reus,Borussia Dortmund,GER,MF,31,32,27,2279,8,6,1,0,0.4
Raphael Guerreiro,Borussia Dortmund,POR,DF,26,27,25,2218,5,10,1,0,0.16
Emre Can,Borussia Dortmund,GER,DF,26,28,23,2133,1,4,5,0,0.03
Gio Reyna,Borussia Dortmund,USA,FW,17,32,23,1976,4,5,1,0,0.2
Jude Bellingham,Borussia Dortmund,ENG,MF,17,29,19,1697,1,3,6,1,0.16
Roman Burki,Borussia Dortmund,SUI,GK,29,19,18,1665,0,0,0,0,0
Julian Brandt,Borussia Dortmund,GER,FW,24,31,17,1495,3,2,0,0,0.18
Thomas Meunier,Borussia Dortmund,BEL,DF,28,21,17,1472,1,1,3,0,0.06
Marwin Hitz,Borussia Dortmund,SUI,GK,32,16,16,1395,0,0,1,0,0
Mahmoud Dahoud,Borussia Dortmund,GER,MF,24,21,15,1258,1,1,2,0,0.04
Thomas Delaney,Borussia Dortmund,DEN,MF,28,20,14,1286,1,1,6,0,0.03
Axel Witsel,Borussia Dortmund,BEL,MF,31,15,13,1130,0,0,4,0,0.08
Mateu Morey,Borussia Dortmund,ESP,DF,20,13,10,829,0,2,1,0,0.01
Thorgan Hazard,Borussia Dortmund,BEL,FW,27,16,8,654,1,3,0,0,0.08
Nico Schulz,Borussia Dortmund,GER,DF,27,13,6,610,0,0,1,0,0.02
Åukasz Piszczek,Borussia Dortmund,POL,DF,35,11,5,455,0,0,0,0,0
Felix Passlack,Borussia Dortmund,GER,DF,22,7,3,362,1,0,0,0,0.23
Dan-Axel Zagadou,Borussia Dortmund,FRA,DF,21,9,3,276,0,0,0,0,0.01
Youssoufa Moukoko,Borussia Dortmund,GER,FW,15,14,2,422,3,0,0,0,0.59
Reinier,Borussia Dortmund,BRA,MF,18,14,1,257,1,1,0,0,0.3
Ansgar Knauff,Borussia Dortmund,GER,FW,18,4,0,71,1,1,0,0,0.12
Steffen Tigges,Borussia Dortmund,GER,FW,22,6,0,56,0,0,0,0,0.26
Wout Weghorst,Wolfsburg,NED,FW,27,34,33,2941,20,8,3,0,0.55
Koen Casteels,Wolfsburg,BEL,GK,28,32,32,2880,0,0,0,0,0
John Brooks,Wolfsburg,USA,DF,27,32,31,2774,2,0,5,0,0.05
Ridle Baku,Wolfsburg,GER,FW,22,32,31,2678,6,7,1,0,0.11
Xaver Schlager,Wolfsburg,AUT,MF,22,32,30,2626,2,4,7,0,0.1
Maximilian Arnold,Wolfsburg,GER,MF,26,30,30,2585,3,6,7,1,0.07
Maxence Lacroix,Wolfsburg,FRA,DF,20,30,29,2590,1,1,5,0,0.05
Josip Brekalo,Wolfsburg,CRO,FW,22,29,22,1814,7,3,1,0,0.18
Yannick Gerhardt,Wolfsburg,GER,MF,26,29,21,1936,2,4,3,0,0.18
Paulo OtÃ¡vio,Wolfsburg,BRA,DF,25,23,19,1737,0,2,7,1,0.03
Kevin Mbabu,Wolfsburg,SUI,DF,25,22,19,1642,0,1,7,0,0.03
Renato Steffen,Wolfsburg,SUI,FW,28,21,19,1566,5,4,3,0,0.25
Jerome Roussillon,Wolfsburg,FRA,DF,27,20,14,1229,0,2,0,0,0.04
Maximilian Philipp,Wolfsburg,GER,MF,26,24,13,1111,6,2,3,0,0.25
Admir Mehmedi,Wolfsburg,SUI,MF,29,18,8,820,0,2,0,0,0.09
Josuha Guilavogui,Wolfsburg,FRA,MF,29,20,7,747,0,1,3,0,0.04
Marin Pongracic,Wolfsburg,CRO,DF,22,10,7,575,0,0,2,1,0
Victor Sa,Wolfsburg,BRA,FW,26,21,3,469,1,1,0,0,0.1
Pavao Pervan,Wolfsburg,AUT,GK,32,2,2,180,0,0,0,0,0
Bartosz Bialek,Wolfsburg,POL,FW,18,19,1,270,2,0,1,0,0.69
Daniel Ginczek,Wolfsburg,GER,FW,29,11,1,215,0,0,0,0,0.18
Felix Klaus,Wolfsburg,GER,DF,27,6,1,137,0,0,0,0,0.01
Yunus Malli,Wolfsburg,TUR,MF,28,1,1,58,0,0,0,0,0
Tim Siersleben,Wolfsburg,GER,DF,20,1,0,34,0,0,0,0,0.15
William,Wolfsburg,BRA,FW,25,2,0,2,0,0,0,0,0
Omar Marmoush,Wolfsburg,EGY,FW,21,1,0,1,0,0,0,0,0
Kevin Trapp,Eintracht Frankfurt,GER,GK,30,33,33,2970,0,0,0,0,0
Andre Silva,Eintracht Frankfurt,POR,FW,24,32,32,2760,28,7,1,0,0.79
Filip Kostic,Eintracht Frankfurt,SRB,DF,27,30,29,2534,4,14,4,0,0.14
Martin Hinteregger,Eintracht Frankfurt,AUT,DF,27,29,29,2527,2,1,4,0,0.07
Daichi Kamada,Eintracht Frankfurt,JPN,MF,23,32,28,2356,5,12,3,0,0.21
Makoto Hasebe,Eintracht Frankfurt,JPN,DF,36,29,26,2288,0,0,5,0,0.01
Djibril Sow,Eintracht Frankfurt,SUI,MF,23,28,25,2175,0,2,6,0,0.02
Obite N'Dicka,Eintracht Frankfurt,FRA,DF,20,23,23,2044,3,1,10,0,0.05
Sebastian Rode,Eintracht Frankfurt,GER,MF,29,27,19,1625,1,0,10,0,0.01
Erik Durm,Eintracht Frankfurt,GER,DF,28,21,19,1480,1,2,1,0,0.1
Stefan Ilsanker,Eintracht Frankfurt,AUT,MF,31,27,17,1578,1,0,4,0,0.07
Tuta,Eintracht Frankfurt,BRA,DF,21,19,16,1459,0,0,5,0,0.01
Amin Younes,Eintracht Frankfurt,GER,MF,26,26,16,1391,3,3,5,0,0.22
David Abraham,Eintracht Frankfurt,ARG,DF,34,14,14,1222,1,0,5,1,0.05
Aymen Barkok,Eintracht Frankfurt,MAR,FW,22,26,9,977,2,3,5,0,0.15
Bas Dost,Eintracht Frankfurt,NED,FW,31,12,9,817,4,2,3,0,0.47
Luka Jovic,Eintracht Frankfurt,SRB,FW,22,18,8,894,4,1,2,0,0.28
Almamy Toure,Eintracht Frankfurt,MLI,DF,24,17,8,704,1,1,2,0,0.15
Steven Zuber,Eintracht Frankfurt,SUI,DF,28,20,6,585,0,3,1,0,0.12
Timothy Chandler,Eintracht Frankfurt,USA,DF,30,15,3,432,1,0,2,0,0.18
Dominik Kohr,Eintracht Frankfurt,GER,MF,26,7,2,260,0,0,1,0,0.19
Ajdin Hrustic,Eintracht Frankfurt,AUS,MF,24,11,1,272,1,0,2,0,0.1
Danny da Costa,Eintracht Frankfurt,GER,DF,27,6,1,110,0,0,0,0,0.14
Elias Bordner,Eintracht Frankfurt,GER,GK,18,1,1,90,0,0,0,0,0
Ragnar Ache,Eintracht Frankfurt,GER,FW,22,7,0,100,1,0,1,0,0.24
Edmond Tapsoba,Bayer Leverkusen,BFA,DF,21,31,29,2652,1,0,5,0,0.04
Lukas Hradecky,Bayer Leverkusen,FIN,GK,30,29,29,2565,0,0,1,0,0
Moussa Diaby,Bayer Leverkusen,FRA,FW,21,32,28,2388,4,11,5,0,0.21
Florian Wirtz,Bayer Leverkusen,GER,MF,17,29,25,2224,5,6,1,0,0.18
Leonardo Baileys,Bayer Leverkusen,JAM,FW,22,30,25,2141,9,8,6,0,0.29
Jonathan Tah,Bayer Leverkusen,GER,DF,24,27,24,2219,1,0,3,0,0.03
Nadiem Amiri,Bayer Leverkusen,GER,MF,23,29,20,1890,2,6,5,0,0.1
Patrik Schick,Bayer Leverkusen,CZE,FW,24,29,20,1866,9,1,4,0,0.47
Kerem Demirbay,Bayer Leverkusen,GER,MF,27,29,20,1744,4,3,2,0,0.12
Charles Aranguiz,Bayer Leverkusen,CHI,MF,31,21,20,1669,0,0,4,0,0.04
Daley Sinkgraven,Bayer Leverkusen,NED,DF,25,22,19,1570,0,0,4,0,0.02
Wendell,Bayer Leverkusen,BRA,DF,27,22,15,1457,0,0,3,0,0.04
Sven Bender,Bayer Leverkusen,GER,DF,31,18,14,1170,0,0,1,0,0.01
Lucas Alario,Bayer Leverkusen,ARG,FW,27,25,12,1245,11,2,2,0,0.47
Julian Baumgartlinger,Bayer Leverkusen,AUT,MF,32,17,12,1072,2,0,1,0,0.11
Lars Bender,Bayer Leverkusen,GER,DF,31,14,12,936,1,2,2,0,0.12
Aleksandar Dragovic,Bayer Leverkusen,AUT,DF,29,18,11,1136,1,0,3,0,0.02
Karim Bellarabi,Bayer Leverkusen,GER,FW,30,22,7,798,0,0,2,0,0.25
Exequiel Palacios,Bayer Leverkusen,ARG,MF,21,9,7,572,0,0,1,0,0.02
Timothy Fosu-Mensah,Bayer Leverkusen,NED,DF,22,6,5,409,0,0,2,0,0.05
Jeremie Frimpong,Bayer Leverkusen,NED,DF,19,10,4,436,0,0,1,0,0.02
Lennart Grill,Bayer Leverkusen,GER,GK,21,4,4,360,0,0,0,0,0
Mitchell Weiser,Bayer Leverkusen,GER,DF,26,5,2,226,1,0,0,0,0.02
Tin Jedvaj,Bayer Leverkusen,CRO,DF,24,3,2,152,0,0,0,0,0.02
Niklas Lomb,Bayer Leverkusen,GER,GK,27,2,1,135,0,0,0,0,0
Santiago Arias,Bayer Leverkusen,COL,DF,28,1,1,90,0,0,0,0,0
Paulinho,Bayer Leverkusen,BRA,FW,20,1,1,65,0,0,0,0,0.4
Emrehan Gedikli,Bayer Leverkusen,GER,FW,17,1,0,25,0,0,0,0,0
Marvin Friedrich,Union Berlin,GER,DF,24,34,34,3060,5,2,1,0,0.04
Robin Knoche,Union Berlin,GER,DF,28,34,34,3042,1,0,4,0,0.03
Andreas Luthe,Union Berlin,GER,GK,33,31,31,2768,0,0,1,0,0
Christopher Trimmel,Union Berlin,AUT,DF,33,31,30,2572,1,9,9,0,0.01
Robert Andrich,Union Berlin,GER,MF,25,29,29,2526,5,2,5,1,0.09
Christopher Lenz,Union Berlin,GER,DF,25,27,27,2248,0,3,3,0,0.04
Marcus Ingvartsen,Union Berlin,DEN,MF,24,30,24,1963,3,5,4,0,0.19
Grischa Promel,Union Berlin,GER,MF,25,24,21,1816,3,1,7,0,0.09
Max Kruse,Union Berlin,GER,FW,32,22,19,1629,11,5,0,0,0.37
Taiwo Awoniyi,Union Berlin,NGA,FW,22,21,16,1359,5,2,0,0,0.46
Nico Schlotterbeck,Union Berlin,GER,DF,20,16,15,1285,1,0,4,1,0.09
Sheraldo Becker,Union Berlin,SUR,FW,25,18,15,1106,3,3,2,0,0.17
Christian Gentner,Union Berlin,GER,MF,34,22,13,1033,0,0,0,0,0.03
Julian Ryerson,Union Berlin,NOR,DF,22,24,10,1069,0,2,2,0,0.02
Joel Pohjanpalo,Union Berlin,FIN,FW,25,19,10,851,6,0,0,0,0.73
Marius Bulter,Union Berlin,GER,FW,27,26,8,977,1,0,1,0,0.18
Sebastian Griesbeck,Union Berlin,GER,MF,29,24,8,890,0,0,3,0,0.04
Petar Musa,Union Berlin,CRO,FW,22,14,8,715,1,3,2,0,0.31
Florian Hubner,Union Berlin,GER,DF,29,6,6,525,0,0,3,0,0.01
Cedric Teuchert,Union Berlin,GER,FW,23,24,5,754,3,1,2,0,0.39
Keita Endo,Union Berlin,JPN,MF,22,16,4,456,1,0,0,0,0.23
Niko Gießelmann,Union Berlin,GER,DF,28,13,4,430,0,0,3,0,0.02
Loris Karius,Union Berlin,GER,GK,27,4,3,292,0,0,0,0,0
Akaki Gogia,Union Berlin,GER,FW,28,7,0,140,0,1,1,0,0.09
Leon Dajaku,Union Berlin,GER,FW,19,2,0,37,0,0,0,0,0
Tim Maciejewski,Union Berlin,GER,MF,19,1,0,8,0,0,0,0,0
Joshua Mees,Union Berlin,GER,FW,24,1,0,5,0,0,0,0,2.02
